Fund Name,P1,P2,P3,P4,P5,Topsis Score,Rank
M1,0.84,0.71,6.7,42.1,12.59,0.42288748154859196,6
M2,0.91,0.83,7.0,31.7,10.11,0.46358989161015157,5
M3,0.79,0.62,4.8,46.7,13.23,0.5097641369777189,3
M4,0.78,0.61,6.4,42.4,12.55,0.3772324922749514,8
M5,0.94,0.88,3.6,62.2,16.91,0.6871144868333711,1
M6,0.88,0.77,6.5,51.5,14.91,0.4926308228689469,4
M7,0.66,0.44,5.3,48.9,13.83,0.3811003232488977,7
M8,0.93,0.86,3.4,37.0,10.55,0.6556009988603689,2
